{"Dennis Scott": "https://www.basketball-reference.com/players/s/scottde01.html", "James Scott": "https://www.basketball-reference.com/players/s/scottja01.html", "Mike Scott": "https://www.basketball-reference.com/players/s/scottmi01.html", "Ray Scott": "https://www.basketball-reference.com/players/s/scottra01.html", "Shawnelle Scott": "https://www.basketball-reference.com/players/s/scottsh01.html", "Tre Scott": "https://www.basketball-reference.com/players/s/scotttr01.html", "Willie Scott": "https://www.basketball-reference.com/players/s/scottwi01.html", "Paul Scranton": "https://www.basketball-reference.com/players/s/scranpa01.html", "Jay Scrubb": "https://www.basketball-reference.com/players/s/scrubja01.html", "Carey Scurry": "https://www.basketball-reference.com/players/s/scurrca01.html", "Dereon Seabron": "https://www.basketball-reference.com/players/s/seabrde01.html", "Bruce Seals": "https://www.basketball-reference.com/players/s/sealsbr01.html", "Shea Seals": "https://www.basketball-reference.com/players/s/sealssh01.html", "Malik Sealy": "https://www.basketball-reference.com/players/s/sealyma01.html", "Ed Searcy": "https://www.basketball-reference.com/players/s/searced01.html", "Kenny Sears": "https://www.basketball-reference.com/players/s/searske01.html", "Wayne See": "https://www.basketball-reference.com/players/s/seewa01.html", "Thabo Sefolosha": "https://www.basketball-reference.com/players/s/sefolth01.html", "Rony Seikaly": "https://www.basketball-reference.com/players/s/seikaro01.html", "Glen Selbo": "https://www.basketball-reference.com/players/s/selbogl01.html", "Josh Selby": "https://www.basketball-reference.com/players/s/selbyjo01.html", "Wayne Selden": "https://www.basketball-reference.com/players/s/seldewa01.html", "Brad Sellers": "https://www.basketball-reference.com/players/s/sellebr01.html", "Phil Sellers": "https://www.basketball-reference.com/players/s/selleph01.html", "Rollie Seltz": "https://www.basketball-reference.com/players/s/seltzro01.html", "Les Selvage": "https://www.basketball-reference.com/players/s/selvale01.html", "Frank Selvy": "https://www.basketball-reference.com/players/s/selvyfr01.html", "Jim Seminoff": "https://www.basketball-reference.com/players/s/seminji01.html", "Mouhamed Sene": "https://www.basketball-reference.com/players/s/senesa01.html", "George Senesky": "https://www.basketball-reference.com/players/s/senesge01.html", "Alperen \u015eeng\u00fcn": "https://www.basketball-reference.com/players/s/sengual01.html", "Kevin S\u00e9raphin": "https://www.basketball-reference.com/players/s/serapke01.html", "Ansu Sesay": "https://www.basketball-reference.com/players/s/sesayan01.html", "Ramon Sessions": "https://www.basketball-reference.com/players/s/sessira01.html", "Ha Seung-Jin": "https://www.basketball-reference.com/players/s/seungha01.html", "Tom Sewell": "https://www.basketball-reference.com/players/s/sewelto01.html", "Collin Sexton": "https://www.basketball-reference.com/players/s/sextoco01.html", "Paul Seymour": "https://www.basketball-reference.com/players/s/seymopa01.html", "Nick Shaback": "https://www.basketball-reference.com/players/s/shabani01.html", "Lynn Shackelford": "https://www.basketball-reference.com/players/s/shackly01.html", "Charles Shackleford": "https://www.basketball-reference.com/players/s/shackch01.html", "Carl Shaeffer": "https://www.basketball-reference.com/players/s/shaefca01.html", "Lee Shaffer": "https://www.basketball-reference.com/players/s/shaffle01.html", "Mustafa Shakur": "https://www.basketball-reference.com/players/s/shakumu01.html", "Landry Shamet": "https://www.basketball-reference.com/players/s/shamela01.html", "God Shammgod": "https://www.basketball-reference.com/players/s/shammgo01.html", "Earl Shannon": "https://www.basketball-reference.com/players/s/shannea01.html", "Howie Shannon": "https://www.basketball-reference.com/players/s/shannho01.html", "Chuck Share": "https://www.basketball-reference.com/players/s/sharech01.html", "Bill Sharman": "https://www.basketball-reference.com/players/s/sharmbi01.html", "Day'Ron Sharpe": "https://www.basketball-reference.com/players/s/sharpda01.html", "Shaedon Sharpe": "https://www.basketball-reference.com/players/s/sharpsh01.html", "Walter Sharpe": "https://www.basketball-reference.com/players/s/sharpwa01.html", "John Shasky": "https://www.basketball-reference.com/players/s/shaskjo01.html", "Ron Shavlik": "https://www.basketball-reference.com/players/s/shavlro01.html", "Brian Shaw": "https://www.basketball-reference.com/players/s/shawbr01.html", "Casey Shaw": "https://www.basketball-reference.com/players/s/shawca01.html", "Marial Shayok": "https://www.basketball-reference.com/players/s/shayoma01.html", "Bob Shea": "https://www.basketball-reference.com/players/s/sheabo01.html", "Fred Sheffield": "https://www.basketball-reference.com/players/s/shefffr01.html", "Craig Shelton": "https://www.basketball-reference.com/players/s/sheltcr01.html", "Lonnie Shelton": "https://www.basketball-reference.com/players/s/sheltlo01.html", "Tornike Shengelia": "https://www.basketball-reference.com/players/s/shengto01.html", "Billy Shepherd": "https://www.basketball-reference.com/players/s/shephbi01.html", "Jeff Sheppard": "https://www.basketball-reference.com/players/s/sheppje01.html", "Steve Sheppard": "https://www.basketball-reference.com/players/s/sheppst01.html", "Ed Sherod": "https://www.basketball-reference.com/players/s/sheroed01.html", "Charley Shipp": "https://www.basketball-reference.com/players/s/shippch01.html", "Paul Shirley": "https://www.basketball-reference.com/players/s/shirlpa01.html", "Gene Short": "https://www.basketball-reference.com/players/s/shortge01.html", "Purvis Short": "https://www.basketball-reference.com/players/s/shortpu01.html", "Dexter Shouse": "https://www.basketball-reference.com/players/s/shousde01.html", "Dick Shrider": "https://www.basketball-reference.com/players/s/shriddi01.html", "Gene Shue": "https://www.basketball-reference.com/players/s/shuege01.html", "John Shumate": "https://www.basketball-reference.com/players/s/shumajo01.html", "Iman Shumpert": "https://www.basketball-reference.com/players/s/shumpim01.html", "Alexey Shved": "https://www.basketball-reference.com/players/s/shvedal01.html", "Pascal Siakam": "https://www.basketball-reference.com/players/s/siakapa01.html", "Jordan Sibert": "https://www.basketball-reference.com/players/s/siberjo01.html", "Sam Sibert": "https://www.basketball-reference.com/players/s/sibersa01.html", "Mark Sibley": "https://www.basketball-reference.com/players/s/siblema01.html", "Jerry Sichting": "https://www.basketball-reference.com/players/s/sichtje01.html", "Don Sidle": "https://www.basketball-reference.com/players/s/sidledo01.html", "Larry Siegfried": "https://www.basketball-reference.com/players/s/siegfla01.html", "Ralph Siewert": "https://www.basketball-reference.com/players/s/siewera01.html", "Jack Sikma": "https://www.basketball-reference.com/players/s/sikmaja01.html", "James Silas": "https://www.basketball-reference.com/players/s/silasja01.html", "Paul Silas": "https://www.basketball-reference.com/players/s/silaspa01.html", "Xavier Silas": "https://www.basketball-reference.com/players/s/silasxa01.html", "Garret Siler": "https://www.basketball-reference.com/players/s/silerga01.html", "Mike Silliman": "https://www.basketball-reference.com/players/s/sillimi01.html", "Chris Silva": "https://www.basketball-reference.com/players/s/silvach01.html", "Wayne Simien": "https://www.basketball-reference.com/players/s/simiewa01.html", "Ben Simmons": "https://www.basketball-reference.com/players/s/simmobe01.html", "Bobby Simmons": "https://www.basketball-reference.com/players/s/simmobo01.html", "Cedric Simmons": "https://www.basketball-reference.com/players/s/simmoce01.html", "Connie Simmons": "https://www.basketball-reference.com/players/s/simmoco01.html", "Grant Simmons": "https://www.basketball-reference.com/players/s/simmogr01.html", "Johnny Simmons": "https://www.basketball-reference.com/players/s/simmojo01.html", "Jonathon Simmons": "https://www.basketball-reference.com/players/s/simmojo02.html", "Kobi Simmons": "https://www.basketball-reference.com/players/s/simmoko01.html", "Lionel Simmons": "https://www.basketball-reference.com/players/s/simmoli01.html", "Miles Simon": "https://www.basketball-reference.com/players/s/simonmi01.html", "Walt Simon": "https://www.basketball-reference.com/players/s/simonwa01.html", "Marko Simonovic": "https://www.basketball-reference.com/players/s/simonma01.html", "Anfernee Simons": "https://www.basketball-reference.com/players/s/simonan01.html", "Dickey Simpkins": "https://www.basketball-reference.com/players/s/simpkdi01.html", "Ralph Simpson": "https://www.basketball-reference.com/players/s/simpsra01.html", "Zavier Simpson": "https://www.basketball-reference.com/players/s/simpsza01.html", "Alvin Sims": "https://www.basketball-reference.com/players/s/simsal01.html", "Bob Sims": "https://www.basketball-reference.com/players/s/simsbo01.html", "Courtney Sims": "https://www.basketball-reference.com/players/s/simsco01.html", "Doug Sims": "https://www.basketball-reference.com/players/s/simsdo01.html", "Henry Sims": "https://www.basketball-reference.com/players/s/simshe01.html", "Jericho Sims": "https://www.basketball-reference.com/players/s/simsje01.html", "Scott Sims": "https://www.basketball-reference.com/players/s/simssc01.html", "Kyle Singler": "https://www.basketball-reference.com/players/s/singlky01.html", "Sean Singletary": "https://www.basketball-reference.com/players/s/singlse01.html", "Chris Singleton": "https://www.basketball-reference.com/players/s/singlch01.html", "James Singleton": "https://www.basketball-reference.com/players/s/singlja01.html", "McKinley Singleton": "https://www.basketball-reference.com/players/s/singlmc01.html", "Zeke Sinicola": "https://www.basketball-reference.com/players/s/sinicze01.html", "Deividas Sirvydis": "https://www.basketball-reference.com/players/s/sirvyde01.html", "Charlie Sitton": "https://www.basketball-reference.com/players/s/sittoch01.html", "Peyton Siva": "https://www.basketball-reference.com/players/s/sivape01.html", "Scott Skiles": "https://www.basketball-reference.com/players/s/skilesc01.html", "Al Skinner": "https://www.basketball-reference.com/players/s/skinnal01.html", "Brian Skinner": "https://www.basketball-reference.com/players/s/skinnbr01.html", "Tal Skinner": "https://www.basketball-reference.com/players/s/skinnta01.html", "Whitey Skoog": "https://www.basketball-reference.com/players/s/skoogwh01.html", "Jeff Slade": "https://www.basketball-reference.com/players/s/sladeje01.html", "Reggie Slater": "https://www.basketball-reference.com/players/s/slatere01.html", "Jim Slaughter": "https://www.basketball-reference.com/players/s/slaugji01.html", "Jose Slaughter": "https://www.basketball-reference.com/players/s/slaugjo01.html", "Tamar Slay": "https://www.basketball-reference.com/players/s/slayta01.html", "Donald Sloan": "https://www.basketball-reference.com/players/s/sloando01.html", "Jerry Sloan": "https://www.basketball-reference.com/players/s/sloanje01.html", "Uro\u0161 Slokar": "https://www.basketball-reference.com/players/s/slokaur01.html", "Tom Sluby": "https://www.basketball-reference.com/players/s/slubyto01.html", "Alen Smailagi\u0107": "https://www.basketball-reference.com/players/s/smailal01.html", "Javonte Smart": "https://www.basketball-reference.com/players/s/smartja01.html", "Keith Smart": "https://www.basketball-reference.com/players/s/smartke01.html", "Marcus Smart": "https://www.basketball-reference.com/players/s/smartma01.html", "Belus Smawley": "https://www.basketball-reference.com/players/s/smawlbe01.html", "Jack Smiley": "https://www.basketball-reference.com/players/s/smileja01.html", "Adrian Smith": "https://www.basketball-reference.com/players/s/smithad01.html", "Al Smith": "https://www.basketball-reference.com/players/s/smithal01.html", "Bill Smith": "https://www.basketball-reference.com/players/s/smithbi01.html", "Bingo Smith": "https://www.basketball-reference.com/players/s/smithbi02.html", "Bobby Smith": "https://www.basketball-reference.com/players/s/smithbo01.html", "Charles Smith": "https://www.basketball-reference.com/players/s/smithch04.html", "Chris Smith": "https://www.basketball-reference.com/players/s/smithch05.html", "Clinton Smith": "https://www.basketball-reference.com/players/s/smithcl01.html", "Craig Smith": "https://www.basketball-reference.com/players/s/smithcr01.html", "Deb Smith": "https://www.basketball-reference.com/players/s/smithde01.html", "Dennis Smith Jr.": "https://www.basketball-reference.com/players/s/smithde03.html", "Derek Smith": "https://www.basketball-reference.com/players/s/smithde02.html", "Don Smith": "https://www.basketball-reference.com/players/s/smithdo02.html", "Donta Smith": "https://www.basketball-reference.com/players/s/smithdo04.html", "Doug Smith": "https://www.basketball-reference.com/players/s/smithdo03.html", "Dru Smith": "https://www.basketball-reference.com/players/s/smithdr01.html", "Ed Smith": "https://www.basketball-reference.com/players/s/smithed01.html", "Elmore Smith": "https://www.basketball-reference.com/players/s/smithel01.html", "Garfield Smith": "https://www.basketball-reference.com/players/s/smithga01.html", "Greg Smith": "https://www.basketball-reference.com/players/s/smithgr02.html", "Ish Smith": "https://www.basketball-reference.com/players/s/smithis01.html", "J.R. Smith": "https://www.basketball-reference.com/players/s/smithjr01.html", "Jabari Smith": "https://www.basketball-reference.com/players/s/smithja01.html", "Jabari Smith Jr.": "https://www.basketball-reference.com/players/s/smithja05.html", "Jalen Smith": "https://www.basketball-reference.com/players/s/smithja04.html", "Jason Smith": "https://www.basketball-reference.com/players/s/smithja02.html", "Jerry Smith": "https://www.basketball-reference.com/players/s/smithje01.html", "Jim Smith": "https://www.basketball-reference.com/players/s/smithji01.html", "Joe Smith": "https://www.basketball-reference.com/players/s/smithjo02.html", "John Smith": "https://www.basketball-reference.com/players/s/smithjo01.html", "Josh Smith": "https://www.basketball-reference.com/players/s/smithjo03.html", "Keith Smith": "https://www.basketball-reference.com/players/s/smithke03.html", "Ken Smith": "https://www.basketball-reference.com/players/s/smithke02.html", "Kenny Smith": "https://www.basketball-reference.com/players/s/smithke01.html", "LaBradford Smith": "https://www.basketball-reference.com/players/s/smithla02.html", "Larry Smith": "https://www.basketball-reference.com/players/s/smithla01.html", "Leon Smith": "https://www.basketball-reference.com/players/s/smithle01.html", "Michael Smith": "https://www.basketball-reference.com/players/s/smithmi02.html", "Mike Smith": "https://www.basketball-reference.com/players/s/smithmi03.html", "Nolan Smith": "https://www.basketball-reference.com/players/s/smithno01.html", "Otis Smith": "https://www.basketball-reference.com/players/s/smithot01.html", "Pete Smith": "https://www.basketball-reference.com/players/s/smithpe01.html", "Phil Smith": "https://www.basketball-reference.com/players/s/smithph01.html", "Randy Smith": "https://www.basketball-reference.com/players/s/smithra01.html", "Reggie Smith": "https://www.basketball-reference.com/players/s/smithre01.html", "Robert Smith": "https://www.basketball-reference.com/players/s/smithro01.html", "Russ Smith": "https://www.basketball-reference.com/players/s/smithru01.html", "Sam Smith": "https://www.basketball-reference.com/players/s/smithsa02.html", "Steve Smith": "https://www.basketball-reference.com/players/s/smithst01.html", "Steven Smith": "https://www.basketball-reference.com/players/s/smithst03.html", "Stevin Smith": "https://www.basketball-reference.com/players/s/smithst02.html", "Theron Smith": "https://www.basketball-reference.com/players/s/smithth01.html", "Tony Smith": "https://www.basketball-reference.com/players/s/smithto02.html", "William Smith": "https://www.basketball-reference.com/players/s/smithwi01.html", "Willie Smith": "https://www.basketball-reference.com/players/s/smithwi02.html", "Zhaire Smith": "https://www.basketball-reference.com/players/s/smithzh01.html", "Rik Smits": "https://www.basketball-reference.com/players/s/smitsri01.html", "Mike Smrek": "https://www.basketball-reference.com/players/s/smrekmi01.html", "Joe Smyth": "https://www.basketball-reference.com/players/s/smythjo01.html", "Xavier Sneed": "https://www.basketball-reference.com/players/s/sneedxa01.html", "Tony Snell": "https://www.basketball-reference.com/players/s/snellto01.html", "Eric Snow": "https://www.basketball-reference.com/players/s/snower01.html", "Dick Snyder": "https://www.basketball-reference.com/players/s/snydedi01.html", "Kirk Snyder": "https://www.basketball-reference.com/players/s/snydeki01.html", "Chips Sobek": "https://www.basketball-reference.com/players/s/sobekch01.html", "Ricky Sobers": "https://www.basketball-reference.com/players/s/soberri01.html", "Ron Sobie": "https://www.basketball-reference.com/players/s/sobiero01.html", "Jeremy Sochan": "https://www.basketball-reference.com/players/s/sochaje01.html", "Mike Sojourner": "https://www.basketball-reference.com/players/s/sojoumi01.html", "Willie Sojourner": "https://www.basketball-reference.com/players/s/sojouwi01.html", "Will Solomon": "https://www.basketball-reference.com/players/s/solomwi01.html", "Willie Somerset": "https://www.basketball-reference.com/players/s/somerwi01.html", "Darius Songaila": "https://www.basketball-reference.com/players/s/songada01.html", "Dave Sorenson": "https://www.basketball-reference.com/players/s/sorenda01.html", "James Southerland": "https://www.basketball-reference.com/players/s/southja01.html", "Gino Sovran": "https://www.basketball-reference.com/players/s/sovragi01.html", "Pape Sow": "https://www.basketball-reference.com/players/s/sowpa01.html", "Ken Spain": "https://www.basketball-reference.com/players/s/spainke01.html", "Ray Spalding": "https://www.basketball-reference.com/players/s/spaldra01.html", "Jim Spanarkel": "https://www.basketball-reference.com/players/s/spanaji01.html", "Vassilis Spanoulis": "https://www.basketball-reference.com/players/s/spanova01.html", "Dan Sparks": "https://www.basketball-reference.com/players/s/sparkda01.html", "Guy Sparrow": "https://www.basketball-reference.com/players/s/sparrgu01.html", "Rory Sparrow": "https://www.basketball-reference.com/players/s/sparrro01.html", "Odie Spears": "https://www.basketball-reference.com/players/s/spearod01.html", "Art Spector": "https://www.basketball-reference.com/players/s/spectar01.html", "Marreese Speights": "https://www.basketball-reference.com/players/s/speigma01.html", "Omari Spellman": "https://www.basketball-reference.com/players/s/spellom01.html", "Andre Spencer": "https://www.basketball-reference.com/players/s/spencan01.html", "Elmore Spencer": "https://www.basketball-reference.com/players/s/spencel01.html", "Felton Spencer": "https://www.basketball-reference.com/players/s/spencfe01.html", "Lou Spicer": "https://www.basketball-reference.com/players/s/spicelo01.html", "Craig Spitzer": "https://www.basketball-reference.com/players/s/spitzcr01.html", "Tiago Splitter": "https://www.basketball-reference.com/players/s/splitti01.html", "Art Spoelstra": "https://www.basketball-reference.com/players/s/spoelar01.html", "Bruce Spraggins": "https://www.basketball-reference.com/players/s/spragbr01.html", "Latrell Sprewell": "https://www.basketball-reference.com/players/s/sprewla01.html", "Larry Spriggs": "https://www.basketball-reference.com/players/s/sprigla01.html", "Jaden Springer": "https://www.basketball-reference.com/players/s/sprinja01.html", "Jim Springer": "https://www.basketball-reference.com/players/s/sprinji01.html", "Jim Spruill": "https://www.basketball-reference.com/players/s/spruiji01.html", "Ryan Stack": "https://www.basketball-reference.com/players/s/stackry01.html", "Jerry Stackhouse": "https://www.basketball-reference.com/players/s/stackje01.html", "Kevin Stacom": "https://www.basketball-reference.com/players/s/stacoke01.html", "Erv Staggs": "https://www.basketball-reference.com/players/s/stagger01.html", "Bud Stallworth": "https://www.basketball-reference.com/players/s/stallbu01.html", "Dave Stallworth": "https://www.basketball-reference.com/players/s/stallda01.html", "Ed Stanczak": "https://www.basketball-reference.com/players/s/stanced01.html", "Cassius Stanley": "https://www.basketball-reference.com/players/s/stanlca01.html", "Terence Stansbury": "https://www.basketball-reference.com/players/s/stanste01.html", "John Starks": "https://www.basketball-reference.com/players/s/starkjo01.html", "Keith Starr": "https://www.basketball-reference.com/players/s/starrke01.html", "Nik Stauskas": "https://www.basketball-reference.com/players/s/stausni01.html", "Larry Staverman": "https://www.basketball-reference.com/players/s/stavela01.html", "Larry Steele": "https://www.basketball-reference.com/players/s/steella01.html", "Matt Steigenga": "https://www.basketball-reference.com/players/s/steigma01.html", "Vladimir Stepania": "https://www.basketball-reference.com/players/s/stepavl01.html", "D.J. Stephens": "https://www.basketball-reference.com/players/s/stephdj01.html", "Everette Stephens": "https://www.basketball-reference.com/players/s/stephev01.html", "Jack Stephens": "https://www.basketball-reference.com/players/s/stephja01.html", "Joe Stephens": "https://www.basketball-reference.com/players/s/stephjo01.html", "Lance Stephenson": "https://www.basketball-reference.com/players/s/stephla01.html", "Alex Stepheson": "https://www.basketball-reference.com/players/s/stephal01.html", "Brook Steppe": "https://www.basketball-reference.com/players/s/steppbr01.html", "Barry Stevens": "https://www.basketball-reference.com/players/s/steveba01.html", "Lamar Stevens": "https://www.basketball-reference.com/players/s/stevela01.html", "Wayne Stevens": "https://www.basketball-reference.com/players/s/stevewa01.html", "DeShawn Stevenson": "https://www.basketball-reference.com/players/s/stevede01.html", "Dennis Stewart": "https://www.basketball-reference.com/players/s/stewade01.html", "Isaiah Stewart": "https://www.basketball-reference.com/players/s/stewais01.html", "Kebu Stewart": "https://www.basketball-reference.com/players/s/stewake01.html", "Larry Stewart": "https://www.basketball-reference.com/players/s/stewala01.html", "Michael Stewart": "https://www.basketball-reference.com/players/s/stewami01.html", "Norm Stewart": "https://www.basketball-reference.com/players/s/stewano01.html", "Greg Stiemsma": "https://www.basketball-reference.com/players/s/stiemgr01.html", "Steve Stipanovich": "https://www.basketball-reference.com/players/s/stipast01.html", "Bryant Stith": "https://www.basketball-reference.com/players/s/stithbr01.html", "Sam Stith": "https://www.basketball-reference.com/players/s/stithsa01.html", "Tom Stith": "https://www.basketball-reference.com/players/s/stithto01.html", "Alex Stivrins": "https://www.basketball-reference.com/players/s/stivral01.html", "David Stockton": "https://www.basketball-reference.com/players/s/stockda01.html", "John Stockton": "https://www.basketball-reference.com/players/s/stockjo01.html", "Peja Stojakovi\u0107": "https://www.basketball-reference.com/players/s/stojape01.html", "Ed Stokes": "https://www.basketball-reference.com/players/s/stokeed01.html", "Greg Stokes": "https://www.basketball-reference.com/players/s/stokegr01.html", "Jarnell Stokes": "https://www.basketball-reference.com/players/s/stokeja01.html", "Maurice Stokes": "https://www.basketball-reference.com/players/s/stokema01.html", "Art Stolkey": "https://www.basketball-reference.com/players/s/stolkar01.html", "Randy Stoll": "https://www.basketball-reference.com/players/s/stollra01.html", "Diamond Stone": "https://www.basketball-reference.com/players/s/stonedi01.html", "George Stone": "https://www.basketball-reference.com/players/s/stonege01.html", "Julyan Stone": "https://www.basketball-reference.com/players/s/stoneju01.html", "Awvee Storey": "https://www.basketball-reference.com/players/s/storeaw01.html", "Damon Stoudamire": "https://www.basketball-reference.com/players/s/stoudda01.html", "Salim Stoudamire": "https://www.basketball-reference.com/players/s/stoudsa01.html", "Amar'e Stoudemire": "https://www.basketball-reference.com/players/s/stoudam01.html", "Paul Stovall": "https://www.basketball-reference.com/players/s/stovapa01.html", "D.J. Strawberry": "https://www.basketball-reference.com/players/s/strawdj01.html", "Joe Strawder": "https://www.basketball-reference.com/players/s/strawjo01.html", "Bill Stricker": "https://www.basketball-reference.com/players/s/stricbi01.html", "Erick Strickland": "https://www.basketball-reference.com/players/s/stricer01.html", "Mark Strickland": "https://www.basketball-reference.com/players/s/stricma01.html", "Rod Strickland": "https://www.basketball-reference.com/players/s/stricro02.html", "Roger Strickland": "https://www.basketball-reference.com/players/s/stricro01.html", "John Stroeder": "https://www.basketball-reference.com/players/s/stroejo01.html", "Derek Strong": "https://www.basketball-reference.com/players/s/stronde01.html", "Lamont Strothers": "https://www.basketball-reference.com/players/s/strotla01.html", "John Stroud": "https://www.basketball-reference.com/players/s/stroujo01.html", "Red Stroud": "https://www.basketball-reference.com/players/s/stroure01.html", "Max Strus": "https://www.basketball-reference.com/players/s/strusma01.html", "Rodney Stuckey": "https://www.basketball-reference.com/players/s/stuckro01.html", "Gene Stump": "https://www.basketball-reference.com/players/s/stumpge01.html", "Stan Stutz": "https://www.basketball-reference.com/players/s/stutzst01.html", "Jalen Suggs": "https://www.basketball-reference.com/players/s/suggsja01.html", "Gary Suiter": "https://www.basketball-reference.com/players/s/suitega01.html", "Jared Sullinger": "https://www.basketball-reference.com/players/s/sullija01.html", "DaJuan Summers": "https://www.basketball-reference.com/players/s/summeda01.html", "Edmond Sumner": "https://www.basketball-reference.com/players/s/sumneed01.html", "Barry Sumpter": "https://www.basketball-reference.com/players/s/sumptba01.html", "Don Sunderlage": "https://www.basketball-reference.com/players/s/sundedo01.html", "Bruno \u0160undov": "https://www.basketball-reference.com/players/s/sundobr01.html", "Jon Sundvold": "https://www.basketball-reference.com/players/s/sundvjo01.html", "Bob Sura": "https://www.basketball-reference.com/players/s/surabo01.html", "Dick Surhoff": "https://www.basketball-reference.com/players/s/surhodi01.html", "George Sutor": "https://www.basketball-reference.com/players/s/sutorge01.html", "Dane Suttle": "https://www.basketball-reference.com/players/s/suttlda01.html", "Greg Sutton": "https://www.basketball-reference.com/players/s/suttogr01.html", "Keith Swagerty": "https://www.basketball-reference.com/players/s/swageke01.html", "Bennie Swain": "https://www.basketball-reference.com/players/s/swainbe01.html", "Caleb Swanigan": "https://www.basketball-reference.com/players/s/swanica01.html", "Norm Swanson": "https://www.basketball-reference.com/players/s/swansno01.html", "Dan Swartz": "https://www.basketball-reference.com/players/s/swartda01.html", "Mike Sweetney": "https://www.basketball-reference.com/players/s/sweetmi01.html", "Cole Swider": "https://www.basketball-reference.com/players/s/swideco01.html", "Robert Swift": "https://www.basketball-reference.com/players/s/swiftro01.html", "Skeeter Swift": "https://www.basketball-reference.com/players/s/swiftsk01.html", "Stromile Swift": "https://www.basketball-reference.com/players/s/swiftst01.html", "Aaron Swinson": "https://www.basketball-reference.com/players/s/swinsaa01.html", "Craig Sword": "https://www.basketball-reference.com/players/s/swordcr01.html", "Pape Sy": "https://www.basketball-reference.com/players/s/sypa01.html", "Buck Sydnor": "https://www.basketball-reference.com/players/s/sydnobu01.html", "Keifer Sykes": "https://www.basketball-reference.com/players/s/sykeske01.html", "Larry Sykes": "https://www.basketball-reference.com/players/s/sykesla01.html", "Brett Szabo": "https://www.basketball-reference.com/players/s/szabobr01.html", "Wally Szczerbiak": "https://www.basketball-reference.com/players/s/szczewa02.html", "Walt Szczerbiak": "https://www.basketball-reference.com/players/s/szczewa01.html", "\u017dan Tabak": "https://www.basketball-reference.com/players/t/tabakza01.html", "Yuta Tabuse": "https://www.basketball-reference.com/players/t/tabusyu01.html", "Chris Taft": "https://www.basketball-reference.com/players/t/taftch01.html", "Sid Tanenbaum": "https://www.basketball-reference.com/players/t/tanensi01.html", "Dragan Tarla\u0107": "https://www.basketball-reference.com/players/t/tarladr01.html", "Roy Tarpley": "https://www.basketball-reference.com/players/t/tarplro01.html", "Levern Tart": "https://www.basketball-reference.com/players/t/tartle01.html", "Jae'Sean Tate": "https://www.basketball-reference.com/players/t/tateja01.html", "Earl Tatum": "https://www.basketball-reference.com/players/t/tatumea01.html", "Jayson Tatum": "https://www.basketball-reference.com/players/t/tatumja01.html", "Edy Tavares": "https://www.basketball-reference.com/players/t/tavarwa01.html", "Anthony Taylor": "https://www.basketball-reference.com/players/t/tayloan01.html", "Brian Taylor": "https://www.basketball-reference.com/players/t/taylobr01.html", "Donell Taylor": "https://www.basketball-reference.com/players/t/taylodo01.html", "Fatty Taylor": "https://www.basketball-reference.com/players/t/taylofa01.html", "Fred Taylor": "https://www.basketball-reference.com/players/t/taylofr01.html", "Isaiah Taylor": "https://www.basketball-reference.com/players/t/taylois01.html", "Jay Taylor": "https://www.basketball-reference.com/players/t/tayloja01.html", "Jeff Taylor": "https://www.basketball-reference.com/players/t/tayloje03.html", "Jermaine Taylor": "https://www.basketball-reference.com/players/t/tayloje02.html", "Johnny Taylor": "https://www.basketball-reference.com/players/t/taylojo01.html", "Leonard Taylor": "https://www.basketball-reference.com/players/t/taylole01.html", "Maurice Taylor": "https://www.basketball-reference.com/players/t/tayloma01.html", "Mike Taylor": "https://www.basketball-reference.com/players/t/taylomi01.html", "Ollie Taylor": "https://www.basketball-reference.com/players/t/taylool01.html", "Ron Taylor": "https://www.basketball-reference.com/players/t/tayloro01.html", "Terry Taylor": "https://www.basketball-reference.com/players/t/taylote01.html", "Tyshawn Taylor": "https://www.basketball-reference.com/players/t/tayloty01.html", "Vince Taylor": "https://www.basketball-reference.com/players/t/taylovi01.html", "Terry Teagle": "https://www.basketball-reference.com/players/t/teaglte01.html", "Jeff Teague": "https://www.basketball-reference.com/players/t/teaguje01.html", "Marquis Teague": "https://www.basketball-reference.com/players/t/teaguma01.html", "Mirza Teletovi\u0107": "https://www.basketball-reference.com/players/t/teletmi01.html", "Sebastian Telfair": "https://www.basketball-reference.com/players/t/telfase01.html", "Collis Temple": "https://www.basketball-reference.com/players/t/templco01.html", "Garrett Temple": "https://www.basketball-reference.com/players/t/templga01.html", "Milo\u0161 Teodosi\u0107": "https://www.basketball-reference.com/players/t/teodomi01.html", "Ira Terrell": "https://www.basketball-reference.com/players/t/terreir01.html", "Jared Terrell": "https://www.basketball-reference.com/players/t/terreja01.html", "Carlos Terry": "https://www.basketball-reference.com/players/t/terryca01.html", "Chuck Terry": "https://www.basketball-reference.com/players/t/terrych01.html", "Claude Terry": "https://www.basketball-reference.com/players/t/terrycl01.html", "Dalen Terry": "https://www.basketball-reference.com/players/t/terryda01.html", "Emanuel Terry": "https://www.basketball-reference.com/players/t/terryem01.html", "Jason Terry": "https://www.basketball-reference.com/players/t/terryja01.html", "Tyrell Terry": "https://www.basketball-reference.com/players/t/terryty01.html", "Jon Teske": "https://www.basketball-reference.com/players/t/teskejo01.html", "Hasheem Thabeet": "https://www.basketball-reference.com/players/t/thabeha01.html", "Tom Thacker": "https://www.basketball-reference.com/players/t/thackto01.html", "Floyd Theard": "https://www.basketball-reference.com/players/t/thearfl01.html", "Daniel Theis": "https://www.basketball-reference.com/players/t/theisda01.html", "Reggie Theus": "https://www.basketball-reference.com/players/t/theusre01.html", "Peter Thibeaux": "https://www.basketball-reference.com/players/t/thibepe01.html", "Bill Thieben": "https://www.basketball-reference.com/players/t/thiebbi01.html", "Justus Thigpen": "https://www.basketball-reference.com/players/t/thigpju01.html", "David Thirdkill": "https://www.basketball-reference.com/players/t/thirdda01.html", "Adonis Thomas": "https://www.basketball-reference.com/players/t/thomaad01.html", "Billy Thomas": "https://www.basketball-reference.com/players/t/thomabi01.html", "Brodric Thomas": "https://www.basketball-reference.com/players/t/thomabr01.html", "Cam Thomas": "https://www.basketball-reference.com/players/t/thomaca02.html", "Carl Thomas": "https://www.basketball-reference.com/players/t/thomaca01.html", "Charles Thomas": "https://www.basketball-reference.com/players/t/thomach01.html", "Etan Thomas": "https://www.basketball-reference.com/players/t/thomaet01.html", "Irving Thomas": "https://www.basketball-reference.com/players/t/thomair01.html", "Isaiah Thomas": "https://www.basketball-reference.com/players/t/thomais02.html", "Isiah Thomas": "https://www.basketball-reference.com/players/t/thomais01.html", "Jamel Thomas": "https://www.basketball-reference.com/players/t/thomaja01.html", "James Thomas": "https://www.basketball-reference.com/players/t/thomaja02.html", "Jim Thomas": "https://www.basketball-reference.com/players/t/thomaji01.html", "Joe Thomas": "https://www.basketball-reference.com/players/t/thomajo01.html", "John Thomas": "https://www.basketball-reference.com/players/t/thomajo02.html", "Kenny Thomas": "https://www.basketball-reference.com/players/t/thomake01.html", "Khyri Thomas": "https://www.basketball-reference.com/players/t/thomakh01.html", "Kurt Thomas": "https://www.basketball-reference.com/players/t/thomaku01.html", "Lance Thomas": "https://www.basketball-reference.com/players/t/thomala01.html", "Malcolm Thomas": "https://www.basketball-reference.com/players/t/thomama01.html", "Matt Thomas": "https://www.basketball-reference.com/players/t/thomama02.html", "Ron Thomas": "https://www.basketball-reference.com/players/t/thomaro01.html", "Terry Thomas": "https://www.basketball-reference.com/players/t/thomate01.html", "Tim Thomas": "https://www.basketball-reference.com/players/t/thomati01.html", "Tyrus Thomas": "https://www.basketball-reference.com/players/t/thomaty01.html", "Willis Thomas": "https://www.basketball-reference.com/players/t/thomawi01.html", "Trey Thompkins": "https://www.basketball-reference.com/players/t/thomptr02.html", "Bernard Thompson": "https://www.basketball-reference.com/players/t/thompbe01.html", "Billy Thompson": "https://www.basketball-reference.com/players/t/thompbi01.html", "Brooks Thompson": "https://www.basketball-reference.com/players/t/thompbr01.html", "Corny Thompson": "https://www.basketball-reference.com/players/t/thompco01.html", "David Thompson": "https://www.basketball-reference.com/players/t/thompda01.html", "Dijon Thompson": "https://www.basketball-reference.com/players/t/thompdi01.html", "George Thompson": "https://www.basketball-reference.com/players/t/thompge01.html", "Hollis Thompson": "https://www.basketball-reference.com/players/t/thompho01.html", "Jack Thompson": "https://www.basketball-reference.com/players/t/thompja01.html", "Jason Thompson": "https://www.basketball-reference.com/players/t/thompja02.html", "John Thompson": "https://www.basketball-reference.com/players/t/thompjo01.html", "Kevin Thompson": "https://www.basketball-reference.com/players/t/thompke01.html", "Klay Thompson": "https://www.basketball-reference.com/players/t/thompkl01.html", "LaSalle Thompson": "https://www.basketball-reference.com/players/t/thompla01.html", "Mychal Thompson": "https://www.basketball-reference.com/players/t/thompmy01.html", "Mychel Thompson": "https://www.basketball-reference.com/players/t/thompmy02.html", "Paul Thompson": "https://www.basketball-reference.com/players/t/thomppa01.html", "Stephen Thompson": "https://www.basketball-reference.com/players/t/thompst01.html", "Tristan Thompson": "https://www.basketball-reference.com/players/t/thomptr01.html", "JT Thor": "https://www.basketball-reference.com/players/t/thorjt01.html", "Skip Thoren": "https://www.basketball-reference.com/players/t/thoresk01.html", "Rod Thorn": "https://www.basketball-reference.com/players/t/thornro01.html", "Al Thornton": "https://www.basketball-reference.com/players/t/thornal01.html", "Bob Thornton": "https://www.basketball-reference.com/players/t/thornbo01.html", "Dallas Thornton": "https://www.basketball-reference.com/players/t/thornda01.html", "Marcus Thornton": "https://www.basketball-reference.com/players/t/thornma01.html", "Sindarius Thornwell": "https://www.basketball-reference.com/players/t/thornsi01.html", "Otis Thorpe": "https://www.basketball-reference.com/players/t/thorpot01.html", "Sedale Threatt": "https://www.basketball-reference.com/players/t/threase01.html", "Nate Thurmond": "https://www.basketball-reference.com/players/t/thurmna01.html", "Mel Thurston": "https://www.basketball-reference.com/players/t/thursme01.html", "Matisse Thybulle": "https://www.basketball-reference.com/players/t/thybuma01.html", "Hal Tidrick": "https://www.basketball-reference.com/players/t/tidriha01.html", "Dan Tieman": "https://www.basketball-reference.com/players/t/tiemada01.html", "Killian Tillie": "https://www.basketball-reference.com/players/t/tilliki02.html", "Darren Tillis": "https://www.basketball-reference.com/players/t/tillida01.html", "Xavier Tillman Sr.": "https://www.basketball-reference.com/players/t/tillmxa01.html", "Jack Tingle": "https://www.basketball-reference.com/players/t/tinglja01.html", "George Tinsley": "https://www.basketball-reference.com/players/t/tinslge01.html", "Jamaal Tinsley": "https://www.basketball-reference.com/players/t/tinslja01.html", "Wayman Tisdale": "https://www.basketball-reference.com/players/t/tisdawa01.html", "Mike Tobey": "https://www.basketball-reference.com/players/t/tobeymi01.html", "Isaiah Todd": "https://www.basketball-reference.com/players/t/toddis01.html", "Mike Todorovich": "https://www.basketball-reference.com/players/t/todormi01.html", "Ray Tolbert": "https://www.basketball-reference.com/players/t/tolbera01.html", "Tom Tolbert": "https://www.basketball-reference.com/players/t/tolbeto01.html", "Anthony Tolliver": "https://www.basketball-reference.com/players/t/tollian01.html", "Dean Tolson": "https://www.basketball-reference.com/players/t/tolsode01.html", "Rudy Tomjanovich": "https://www.basketball-reference.com/players/t/tomjaru01.html", "Andrew Toney": "https://www.basketball-reference.com/players/t/toneyan01.html", "Sedric Toney": "https://www.basketball-reference.com/players/t/toneyse01.html", "Andy Tonkovich": "https://www.basketball-reference.com/players/t/tonkoan01.html", "Andy Toolson": "https://www.basketball-reference.com/players/t/toolsan01.html", "Jack Toomay": "https://www.basketball-reference.com/players/t/toomaja01.html", "Bernard Toone": "https://www.basketball-reference.com/players/t/toonebe01.html", "Obi Toppin": "https://www.basketball-reference.com/players/t/toppiob01.html", "Irv Torgoff": "https://www.basketball-reference.com/players/t/torgoir01.html", "Gene Tormohlen": "https://www.basketball-reference.com/players/t/tormobu01.html", "\u00d3scar Torres": "https://www.basketball-reference.com/players/t/torreos01.html", "Juan Toscano-Anderson": "https://www.basketball-reference.com/players/t/toscaju01.html", "Bill Tosheff": "https://www.basketball-reference.com/players/t/toshebi01.html", "Bob Tough": "https://www.basketball-reference.com/players/t/toughbo01.html", "Axel Toupane": "https://www.basketball-reference.com/players/t/toupaax01.html", "Monte Towe": "https://www.basketball-reference.com/players/t/towemo01.html", "Keith Tower": "https://www.basketball-reference.com/players/t/towerke01.html", "Blackie Towery": "https://www.basketball-reference.com/players/t/towerbl01.html", "Linton Townes": "https://www.basketball-reference.com/players/t/towneli01.html", "Karl-Anthony Towns": "https://www.basketball-reference.com/players/t/townska01.html", "Raymond Townsend": "https://www.basketball-reference.com/players/t/townsra01.html", "George Trapp": "https://www.basketball-reference.com/players/t/trappge01.html", "John Trapp": "https://www.basketball-reference.com/players/t/trappjo01.html", "Robert Traylor": "https://www.basketball-reference.com/players/t/traylro01.html", "Gary Trent": "https://www.basketball-reference.com/players/t/trentga01.html", "Gary Trent Jr.": "https://www.basketball-reference.com/players/t/trentga02.html", "Jeff Trepagnier": "https://www.basketball-reference.com/players/t/trepaje01.html", "John Tresvant": "https://www.basketball-reference.com/players/t/tresvjo01.html", "Allonzo Trier": "https://www.basketball-reference.com/players/t/trieral01.html", "Dick Triptow": "https://www.basketball-reference.com/players/t/triptdi01.html", "Kelly Tripucka": "https://www.basketball-reference.com/players/t/tripuke01.html", "Ansley Truitt": "https://www.basketball-reference.com/players/t/truitan01.html", "Cezary Tryba\u0144ski": "https://www.basketball-reference.com/players/t/trybace01.html", "Jake Tsakalidis": "https://www.basketball-reference.com/players/t/tsakaja01.html", "John Tschogl": "https://www.basketball-reference.com/players/t/tschojo01.html", "Lou Tsioropoulos": "https://www.basketball-reference.com/players/t/tsiorlo01.html", "Nikoloz Tskitishvili": "https://www.basketball-reference.com/players/t/tskitni01.html", "Al Tucker": "https://www.basketball-reference.com/players/t/tuckeal01.html", "Alando Tucker": "https://www.basketball-reference.com/players/t/tuckeal02.html", "Anthony Tucker": "https://www.basketball-reference.com/players/t/tuckean01.html", "Jim Tucker": "https://www.basketball-reference.com/players/t/tuckeji01.html", "P.J. Tucker": "https://www.basketball-reference.com/players/t/tuckepj01.html", "Rayjon Tucker": "https://www.basketball-reference.com/players/t/tuckera01.html", "Trent Tucker": "https://www.basketball-reference.com/players/t/tucketr01.html", "Ronny Turiaf": "https://www.basketball-reference.com/players/t/turiaro01.html", "Mirsad T\u00fcrkcan": "https://www.basketball-reference.com/players/t/turkcmi01.html", "Hedo T\u00fcrko\u011flu": "https://www.basketball-reference.com/players/t/turkohe01.html", "Andre Turner": "https://www.basketball-reference.com/players/t/turnean01.html", "Bill Turner": "https://www.basketball-reference.com/players/t/turnebi01.html", "Elston Turner": "https://www.basketball-reference.com/players/t/turneel01.html", "Evan Turner": "https://www.basketball-reference.com/players/t/turneev01.html", "Gary Turner": "https://www.basketball-reference.com/players/t/turnega01.html", "Henry Turner": "https://www.basketball-reference.com/players/t/turnehe02.html", "Herschell Turner": "https://www.basketball-reference.com/players/t/turnehe01.html", "Jack Turner": "https://www.basketball-reference.com/players/t/turneja02.html", "Jeff Turner": "https://www.basketball-reference.com/players/t/turneje01.html", "John Turner": "https://www.basketball-reference.com/players/t/turnejo01.html", "Myles Turner": "https://www.basketball-reference.com/players/t/turnemy01.html", "Wayne Turner": "https://www.basketball-reference.com/players/t/turnewa01.html", "Melvin Turpin": "https://www.basketball-reference.com/players/t/turpime01.html", "Dave Twardzik": "https://www.basketball-reference.com/players/t/twardda01.html", "Jack Twyman": "https://www.basketball-reference.com/players/t/twymaja01.html", "B.J. Tyler": "https://www.basketball-reference.com/players/t/tylerbj01.html", "Jeremy Tyler": "https://www.basketball-reference.com/players/t/tylerje01.html", "Terry Tyler": "https://www.basketball-reference.com/players/t/tylerte01.html", "Charlie Tyra": "https://www.basketball-reference.com/players/t/tyrach01.html", "Edwin Ubiles": "https://www.basketball-reference.com/players/u/ubileed01.html", "Ekpe Udoh": "https://www.basketball-reference.com/players/u/udohek01.html", "Ime Udoka": "https://www.basketball-reference.com/players/u/udokaim01.html", "Beno Udrih": "https://www.basketball-reference.com/players/u/udrihbe01.html", "Roko Uki\u0107": "https://www.basketball-reference.com/players/u/ukicro01.html", "Tyler Ulis": "https://www.basketball-reference.com/players/u/ulisty01.html", "Stanley Umude": "https://www.basketball-reference.com/players/u/umudest01.html", "Wes Unseld": "https://www.basketball-reference.com/players/u/unselwe01.html", "Hal Uplinger": "https://www.basketball-reference.com/players/u/uplinha01.html", "Kelvin Upshaw": "https://www.basketball-reference.com/players/u/upshake01.html", "Jarrod Uthoff": "https://www.basketball-reference.com/players/u/uthofja01.html", "Ben Uzoh": "https://www.basketball-reference.com/players/u/uzohbe01.html", "Steve Vacendak": "https://www.basketball-reference.com/players/v/vacenst01.html", "Jonas Valan\u010di\u016bnas": "https://www.basketball-reference.com/players/v/valanjo01.html", "Darnell Valentine": "https://www.basketball-reference.com/players/v/valenda01.html", "Denzel Valentine": "https://www.basketball-reference.com/players/v/valende01.html", "Ronnie Valentine": "https://www.basketball-reference.com/players/v/valenro01.html", "John Vallely": "https://www.basketball-reference.com/players/v/vallejo01.html", "Dick Van Arsdale": "https://www.basketball-reference.com/players/v/vanardi01.html", "Tom Van Arsdale": "https://www.basketball-reference.com/players/v/vanarto01.html", "Nick Van Exel": "https://www.basketball-reference.com/players/v/vanexni01.html", "Keith Van Horn": "https://www.basketball-reference.com/players/v/vanhoke01.html", "Norm Van Lier": "https://www.basketball-reference.com/players/v/vanlino01.html", "Dennis Van Zant": "https://www.basketball-reference.com/players/v/vanzade01.html", "Fred VanVleet": "https://www.basketball-reference.com/players/v/vanvlfr01.html", "Gene Vance": "https://www.basketball-reference.com/players/v/vancege01.html", "Logan Vander Velden": "https://www.basketball-reference.com/players/v/vandelo01.html", "Jarred Vanderbilt": "https://www.basketball-reference.com/players/v/vandeja01.html", "Ernie Vandeweghe": "https://www.basketball-reference.com/players/v/vandeer01.html", "Kiki Vandeweghe": "https://www.basketball-reference.com/players/v/vandeki01.html", "Nick Vanos": "https://www.basketball-reference.com/players/v/vanosni01.html", "David Vanterpool": "https://www.basketball-reference.com/players/v/vanteda01.html", "Ratko Varda": "https://www.basketball-reference.com/players/v/vardara01.html", "Anderson Varej\u00e3o": "https://www.basketball-reference.com/players/v/varejan01.html", "Jarvis Varnado": "https://www.basketball-reference.com/players/v/varnaja01.html", "Greivis V\u00e1squez": "https://www.basketball-reference.com/players/v/vasqugr01.html", "Devin Vassell": "https://www.basketball-reference.com/players/v/vassede01.html", "Chico Vaughn": "https://www.basketball-reference.com/players/v/vaughch01.html", "David Vaughn": "https://www.basketball-reference.com/players/v/vaughda02.html", "Jacque Vaughn": "https://www.basketball-reference.com/players/v/vaughja01.html", "Rashad Vaughn": "https://www.basketball-reference.com/players/v/vaughra01.html", "Virgil Vaughn": "https://www.basketball-reference.com/players/v/vaughvi01.html", "Loy Vaught": "https://www.basketball-reference.com/players/v/vaughlo01.html", "Bob Verga": "https://www.basketball-reference.com/players/v/vergabo01.html", "Pete Verhoeven": "https://www.basketball-reference.com/players/v/verhope01.html", "Jan Vesel\u00fd": "https://www.basketball-reference.com/players/v/veselja01.html", "Gundars V\u0113tra": "https://www.basketball-reference.com/players/v/vetragu01.html", "Jo\u00e3o Vianna": "https://www.basketball-reference.com/players/v/viannjo01.html", "Charlie Villanueva": "https://www.basketball-reference.com/players/v/villach01.html", "Gabe Vincent": "https://www.basketball-reference.com/players/v/vincega01.html", "Jay Vincent": "https://www.basketball-reference.com/players/v/vinceja01.html", "Sam Vincent": "https://www.basketball-reference.com/players/v/vincesa01.html", "Marcus Vinicius": "https://www.basketball-reference.com/players/v/vincima01.html", "Fred Vinson": "https://www.basketball-reference.com/players/v/vinsofr01.html", "Claude Virden": "https://www.basketball-reference.com/players/v/virdecl01.html", "Gary Voce": "https://www.basketball-reference.com/players/v/vocega01.html", "Floyd Volker": "https://www.basketball-reference.com/players/v/volkefl01.html", "Alexander Volkov": "https://www.basketball-reference.com/players/v/volkoal01.html", "Whitey Von Nieda": "https://www.basketball-reference.com/players/v/vonniwh01.html", "Noah Vonleh": "https://www.basketball-reference.com/players/v/vonleno01.html", "Jake Voskuhl": "https://www.basketball-reference.com/players/v/voskuja01.html", "Danny Vranes": "https://www.basketball-reference.com/players/v/vraneda01.html", "Slavko Vrane\u0161": "https://www.basketball-reference.com/players/v/vranesl01.html", "Stojko Vrankovi\u0107": "https://www.basketball-reference.com/players/v/vrankst01.html", "Brett Vroman": "https://www.basketball-reference.com/players/v/vromabr01.html", "Jackson Vroman": "https://www.basketball-reference.com/players/v/vromaja01.html", "Nikola Vu\u010devi\u0107": "https://www.basketball-reference.com/players/v/vucevni01.html", "Sasha Vuja\u010di\u0107": "https://www.basketball-reference.com/players/v/vujacsa01.html", "Butch van Breda Kolff": "https://www.basketball-reference.com/players/v/vanbrbu01.html", "Jan van Breda Kolff": "https://www.basketball-reference.com/players/v/vanbrja01.html", "Dean Wade": "https://www.basketball-reference.com/players/w/wadede01.html", "Dwyane Wade": "https://www.basketball-reference.com/players/w/wadedw01.html", "Mark Wade": "https://www.basketball-reference.com/players/w/wadema01.html", "Von Wafer": "https://www.basketball-reference.com/players/w/wafervo01.html", "Clint Wager": "https://www.basketball-reference.com/players/w/wagercl01.html", "Dajuan Wagner": "https://www.basketball-reference.com/players/w/wagneda02.html", "Danny Wagner": "https://www.basketball-reference.com/players/w/wagneda01.html", "Franz Wagner": "https://www.basketball-reference.com/players/w/wagnefr01.html", "Milt Wagner": "https://www.basketball-reference.com/players/w/wagnemi01.html", "Moritz Wagner": "https://www.basketball-reference.com/players/w/wagnemo01.html", "Phil Wagner": "https://www.basketball-reference.com/players/w/wagneph01.html", "Ish Wainright": "https://www.basketball-reference.com/players/w/wainris01.html", "Dion Waiters": "https://www.basketball-reference.com/players/w/waitedi01.html", "Granville Waiters": "https://www.basketball-reference.com/players/w/waitegr01.html", "Andre Wakefield": "https://www.basketball-reference.com/players/w/wakefan01.html", "Neal Walk": "https://www.basketball-reference.com/players/w/walkne01.html", "Andy Walker": "https://www.basketball-reference.com/players/w/walkean01.html", "Antoine Walker": "https://www.basketball-reference.com/players/w/walkean02.html", "Brady Walker": "https://www.basketball-reference.com/players/w/walkebr01.html", "Chet Walker": "https://www.basketball-reference.com/players/w/walkech01.html", "Darrell Walker": "https://www.basketball-reference.com/players/w/walkeda01.html", "Foots Walker": "https://www.basketball-reference.com/players/w/walkefo01.html", "Henry Walker": "https://www.basketball-reference.com/players/w/walkebi01.html", "Horace Walker": "https://www.basketball-reference.com/players/w/walkeho01.html", "Jabari Walker": "https://www.basketball-reference.com/players/w/walkeja01.html", "Jimmy Walker": "https://www.basketball-reference.com/players/w/walkeji01.html", "Kemba Walker": "https://www.basketball-reference.com/players/w/walkeke02.html", "Kenny Walker": "https://www.basketball-reference.com/players/w/walkeke01.html", "Lonnie Walker IV": "https://www.basketball-reference.com/players/w/walkelo01.html", "M.J. Walker": "https://www.basketball-reference.com/players/w/walkemj01.html", "Phil Walker": "https://www.basketball-reference.com/players/w/walkeph01.html", "Samaki Walker": "https://www.basketball-reference.com/players/w/walkesa01.html", "Wally Walker": "https://www.basketball-reference.com/players/w/walkewa01.html", "John Wall": "https://www.basketball-reference.com/players/w/walljo01.html", "Ben Wallace": "https://www.basketball-reference.com/players/w/wallabe01.html", "Gerald Wallace": "https://www.basketball-reference.com/players/w/wallage01.html", "John Wallace": "https://www.basketball-reference.com/players/w/wallajo01.html", "Rasheed Wallace": "https://www.basketball-reference.com/players/w/wallara01.html", "Red Wallace": "https://www.basketball-reference.com/players/w/wallare01.html", "Tyrone Wallace": "https://www.basketball-reference.com/players/w/wallaty01.html", "Dwight Waller": "https://www.basketball-reference.com/players/w/walledw01.html", "Jamie Waller": "https://www.basketball-reference.com/players/w/walleja01.html", "Jim Walsh": "https://www.basketball-reference.com/players/w/walshji01.html", "Matt Walsh": "https://www.basketball-reference.com/players/w/walshma01.html", "Rex Walters": "https://www.basketball-reference.com/players/w/waltere01.html", "Paul Walther": "https://www.basketball-reference.com/players/w/walthpa01.html", "Isaac Walthour": "https://www.basketball-reference.com/players/w/walthis01.html", "Bill Walton": "https://www.basketball-reference.com/players/w/waltobi01.html", "Derrick Walton": "https://www.basketball-reference.com/players/w/waltode01.html", "Lloyd Walton": "https://www.basketball-reference.com/players/w/waltoll01.html", "Luke Walton": "https://www.basketball-reference.com/players/w/waltolu01.html", "Brad Wanamaker": "https://www.basketball-reference.com/players/w/wanambr01.html", "Bobby Wanzer": "https://www.basketball-reference.com/players/w/wanzebo01.html", "Perry Warbington": "https://www.basketball-reference.com/players/w/warbipe01.html", "Charlie Ward": "https://www.basketball-reference.com/players/w/wardch01.html", "Gerry Ward": "https://www.basketball-reference.com/players/w/wardge01.html", "Henry Ward": "https://www.basketball-reference.com/players/w/wardhe01.html", "Casper Ware": "https://www.basketball-reference.com/players/w/wareca01.html", "Jim Ware": "https://www.basketball-reference.com/players/w/wareji01.html", "Ben Warley": "https://www.basketball-reference.com/players/w/warlebe01.html", "Bob Warlick": "https://www.basketball-reference.com/players/w/warlibo01.html", "Cornell Warner": "https://www.basketball-reference.com/players/w/warneco01.html", "Jameel Warney": "https://www.basketball-reference.com/players/w/warneja01.html", "Bob Warren": "https://www.basketball-reference.com/players/w/warrebo01.html", "John Warren": "https://www.basketball-reference.com/players/w/warrejo01.html", "T.J. Warren": "https://www.basketball-reference.com/players/w/warretj01.html", "Willie Warren": "https://www.basketball-reference.com/players/w/warrewi01.html", "Bryan Warrick": "https://www.basketball-reference.com/players/w/warribr01.html", "Hakim Warrick": "https://www.basketball-reference.com/players/w/warriha01.html", "Chris Washburn": "https://www.basketball-reference.com/players/w/washbch01.html", "Julian Washburn": "https://www.basketball-reference.com/players/w/washbju01.html", "Bobby Washington": "https://www.basketball-reference.com/players/w/washibo01.html", "Darius Washington": "https://www.basketball-reference.com/players/w/washida01.html", "Don Washington": "https://www.basketball-reference.com/players/w/washido01.html", "Duane Washington": "https://www.basketball-reference.com/players/w/washidu01.html", "Duane Washington Jr.": "https://www.basketball-reference.com/players/w/washidu02.html", "Eric Washington": "https://www.basketball-reference.com/players/w/washier01.html", "Jim Washington": "https://www.basketball-reference.com/players/w/washiji01.html", "Kermit Washington": "https://www.basketball-reference.com/players/w/washike01.html", "P.J. Washington": "https://www.basketball-reference.com/players/w/washipj01.html", "Pearl Washington": "https://www.basketball-reference.com/players/w/washipe01.html", "Richard Washington": "https://www.basketball-reference.com/players/w/washiri01.html", "Stan Washington": "https://www.basketball-reference.com/players/w/washist01.html", "Trooper Washington": "https://www.basketball-reference.com/players/w/washitr01.html", "TyTy Washington Jr.": "https://www.basketball-reference.com/players/w/washity02.html", "Wilson Washington": "https://www.basketball-reference.com/players/w/washiwi01.html", "Yuta Watanabe": "https://www.basketball-reference.com/players/w/watanyu01.html", "Lindy Waters III": "https://www.basketball-reference.com/players/w/waterli01.html", "Tremont Waters": "https://www.basketball-reference.com/players/w/watertr01.html", "Trendon Watford": "https://www.basketball-reference.com/players/w/watfotr01.html", "Darryl Watkins": "https://www.basketball-reference.com/players/w/watkida01.html", "Bobby Watson": "https://www.basketball-reference.com/players/w/watsobo01.html", "C.J. Watson": "https://www.basketball-reference.com/players/w/watsocj01.html", "Earl Watson": "https://www.basketball-reference.com/players/w/watsoea01.html", "Jamie Watson": "https://www.basketball-reference.com/players/w/watsoja01.html", "Paul Watson": "https://www.basketball-reference.com/players/w/watsopa01.html", "Peyton Watson": "https://www.basketball-reference.com/players/w/watsope01.html", "Ron Watts": "https://www.basketball-reference.com/players/w/wattsro01.html", "Sam Watts": "https://www.basketball-reference.com/players/w/wattssa01.html", "Slick Watts": "https://www.basketball-reference.com/players/w/wattssl01.html", "Maalik Wayns": "https://www.basketball-reference.com/players/w/waynsma01.html", "David Wear": "https://www.basketball-reference.com/players/w/wearda01.html", "Travis Wear": "https://www.basketball-reference.com/players/w/weartr01.html", "Clarence Weatherspoon": "https://www.basketball-reference.com/players/w/weathcl01.html", "Nick Weatherspoon": "https://www.basketball-reference.com/players/w/weathni01.html", "Quinndary Weatherspoon": "https://www.basketball-reference.com/players/w/weathqu01.html", "Kyle Weaver": "https://www.basketball-reference.com/players/w/weaveky01.html", "James Webb III": "https://www.basketball-reference.com/players/w/webbja01.html", "Jeff Webb": "https://www.basketball-reference.com/players/w/webbje01.html", "Marcus Webb": "https://www.basketball-reference.com/players/w/webbma01.html", "Spud Webb": "https://www.basketball-reference.com/players/w/webbsp01.html", "Chris Webber": "https://www.basketball-reference.com/players/w/webbech01.html", "Briante Weber": "https://www.basketball-reference.com/players/w/weberbr01.html", "Jake Weber": "https://www.basketball-reference.com/players/w/weberja01.html", "Elnardo Webster": "https://www.basketball-reference.com/players/w/webstel01.html", "Jeff Webster": "https://www.basketball-reference.com/players/w/webstje01.html", "Martell Webster": "https://www.basketball-reference.com/players/w/webstma02.html", "Marvin Webster": "https://www.basketball-reference.com/players/w/webstma01.html", "Scott Wedman": "https://www.basketball-reference.com/players/w/wedmasc01.html", "Sonny Weems": "https://www.basketball-reference.com/players/w/weemsso01.html", "Dick Wehr": "https://www.basketball-reference.com/players/w/wehrdi01.html", "Brant Weidner": "https://www.basketball-reference.com/players/w/weidnbr01.html", "Bob Weiss": "https://www.basketball-reference.com/players/w/weissbo01.html", "Rick Weitzman": "https://www.basketball-reference.com/players/w/weitzri01.html", "Bonzi Wells": "https://www.basketball-reference.com/players/w/wellsbo01.html", "Bubba Wells": "https://www.basketball-reference.com/players/w/wellsbu01.html", "Owen Wells": "https://www.basketball-reference.com/players/w/wellsow01.html", "Ralph Wells": "https://www.basketball-reference.com/players/w/wellsra01.html", "Chris Welp": "https://www.basketball-reference.com/players/w/welpch01.html", "Ji\u0159\u00ed Welsch": "https://www.basketball-reference.com/players/w/welscji01.html", "Thomas Welsh": "https://www.basketball-reference.com/players/w/welshth01.html", "Bill Wennington": "https://www.basketball-reference.com/players/w/wennibi01.html", "Matt Wenstrom": "https://www.basketball-reference.com/players/w/wenstma01.html", "Robert Werdann": "https://www.basketball-reference.com/players/w/werdaro01.html", "Ray Wertis": "https://www.basketball-reference.com/players/w/wertira01.html", "Blake Wesley": "https://www.basketball-reference.com/players/w/weslebl01.html", "David Wesley": "https://www.basketball-reference.com/players/w/wesleda01.html", "Walt Wesley": "https://www.basketball-reference.com/players/w/weslewa01.html", "David West": "https://www.basketball-reference.com/players/w/westda01.html", "Delonte West": "https://www.basketball-reference.com/players/w/westde01.html", "Doug West": "https://www.basketball-reference.com/players/w/westdo01.html", "Jerry West": "https://www.basketball-reference.com/players/w/westje01.html", "Mario West": "https://www.basketball-reference.com/players/w/westma02.html", "Mark West": "https://www.basketball-reference.com/players/w/westma01.html", "Roland West": "https://www.basketball-reference.com/players/w/westro01.html", "Dexter Westbrook": "https://www.basketball-reference.com/players/w/westbde01.html", "Russell Westbrook": "https://www.basketball-reference.com/players/w/westbru01.html", "Paul Westphal": "https://www.basketball-reference.com/players/w/westppa01.html", "John Wetzel": "https://www.basketball-reference.com/players/w/wetzejo01.html", "Robert Whaley": "https://www.basketball-reference.com/players/w/whalero01.html", "Ennis Whatley": "https://www.basketball-reference.com/players/w/whatlen01.html", "DeJuan Wheat": "https://www.basketball-reference.com/players/w/wheatde01.html", "Clinton Wheeler": "https://www.basketball-reference.com/players/w/wheelcl01.html", "Tyson Wheeler": "https://www.basketball-reference.com/players/w/wheelty01.html", "Skippy Whitaker": "https://www.basketball-reference.com/players/w/whitask01.html", "Andrew White": "https://www.basketball-reference.com/players/w/whitean01.html", "Coby White": "https://www.basketball-reference.com/players/w/whiteco01.html", "D.J. White": "https://www.basketball-reference.com/players/w/whitedj01.html", "Derrick White": "https://www.basketball-reference.com/players/w/whitede01.html", "Eric White": "https://www.basketball-reference.com/players/w/whiteer01.html", "Herb White": "https://www.basketball-reference.com/players/w/whitehe01.html", "Hubie White": "https://www.basketball-reference.com/players/w/whitehu01.html", "Jack White": "https://www.basketball-reference.com/players/w/whiteja03.html", "Jahidi White": "https://www.basketball-reference.com/players/w/whiteja01.html", "James White": "https://www.basketball-reference.com/players/w/whiteja02.html", "Jo Jo White": "https://www.basketball-reference.com/players/w/whitejo01.html", "Okaro White": "https://www.basketball-reference.com/players/w/whiteok01.html", "Randy White": "https://www.basketball-reference.com/players/w/whitera01.html", "Rodney White": "https://www.basketball-reference.com/players/w/whitero02.html", "Rory White": "https://www.basketball-reference.com/players/w/whitero01.html", "Royce White": "https://www.basketball-reference.com/players/w/whitero03.html", "Rudy White": "https://www.basketball-reference.com/players/w/whiteru01.html", "Tony White": "https://www.basketball-reference.com/players/w/whiteto01.html", "Willie White": "https://www.basketball-reference.com/players/w/whitewi01.html", "Isaiah Whitehead": "https://www.basketball-reference.com/players/w/whiteis01.html", "Jerome Whitehead": "https://www.basketball-reference.com/players/w/whiteje01.html", "Donald Whiteside": "https://www.basketball-reference.com/players/w/whitedo01.html", "Hassan Whiteside": "https://www.basketball-reference.com/players/w/whiteha01.html", "Dwayne Whitfield": "https://www.basketball-reference.com/players/w/whitfdw01.html", "Chris Whitney": "https://www.basketball-reference.com/players/w/whitnch01.html", "Hank Whitney": "https://www.basketball-reference.com/players/w/whitnha01.html", "Hawkeye Whitney": "https://www.basketball-reference.com/players/w/whitnha02.html", "Greg Whittington": "https://www.basketball-reference.com/players/w/whittgr01.html", "Shayne Whittington": "https://www.basketball-reference.com/players/w/whittsh01.html", "Sidney Wicks": "https://www.basketball-reference.com/players/w/wickssi01.html", "Ron Widby": "https://www.basketball-reference.com/players/w/widbyro01.html", "Murray Wier": "https://www.basketball-reference.com/players/w/wiermu01.html", "Bob Wiesenhahn": "https://www.basketball-reference.com/players/w/wiesebo01.html", "Joe Wieskamp": "https://www.basketball-reference.com/players/w/wieskjo01.html", "Aaron Wiggins": "https://www.basketball-reference.com/players/w/wiggiaa01.html", "Andrew Wiggins": "https://www.basketball-reference.com/players/w/wiggian01.html", "Mitchell Wiggins": "https://www.basketball-reference.com/players/w/wiggimi01.html", "Lindell Wigginton": "https://www.basketball-reference.com/players/w/wiggili01.html", "Ken Wilburn": "https://www.basketball-reference.com/players/w/wilbuke01.html", "C.J. Wilcox": "https://www.basketball-reference.com/players/w/wilcocj01.html", "Chris Wilcox": "https://www.basketball-reference.com/players/w/wilcoch01.html", "D.C. Wilcutt": "https://www.basketball-reference.com/players/w/wilcudc01.html", "Gene Wiley": "https://www.basketball-reference.com/players/w/wileyge01.html", "Jacob Wiley": "https://www.basketball-reference.com/players/w/wileyja01.html", "Michael Wiley": "https://www.basketball-reference.com/players/w/wileymi01.html", "Morlon Wiley": "https://www.basketball-reference.com/players/w/wileymo01.html", "Win Wilfong": "https://www.basketball-reference.com/players/w/wilfowi01.html", "Lenny Wilkens": "https://www.basketball-reference.com/players/w/wilkele01.html", "Bob Wilkerson": "https://www.basketball-reference.com/players/w/wilkebo01.html", "Jamaal Wilkes": "https://www.basketball-reference.com/players/w/wilkeja01.html", "James Wilkes": "https://www.basketball-reference.com/players/w/wilkeja02.html", "Damien Wilkins": "https://www.basketball-reference.com/players/w/wilkida02.html", "Dominique Wilkins": "https://www.basketball-reference.com/players/w/wilkido01.html", "Eddie Lee Wilkins": "https://www.basketball-reference.com/players/w/wilkied01.html", "Gerald Wilkins": "https://www.basketball-reference.com/players/w/wilkige01.html", "Jeff Wilkins": "https://www.basketball-reference.com/players/w/wilkije01.html", "Dale Wilkinson": "https://www.basketball-reference.com/players/w/wilkida01.html", "Mike Wilks": "https://www.basketball-reference.com/players/w/wilksmi01.html", "Aaron Williams": "https://www.basketball-reference.com/players/w/williaa01.html", "Al Williams": "https://www.basketball-reference.com/players/w/willial01.html", "Alan Williams": "https://www.basketball-reference.com/players/w/willial03.html", "Alondes Williams": "https://www.basketball-reference.com/players/w/willial06.html", "Alvin Williams": "https://www.basketball-reference.com/players/w/willial02.html", "Art Williams": "https://www.basketball-reference.com/players/w/williar01.html", "Bernie Williams": "https://www.basketball-reference.com/players/w/willibe01.html", "Bob Williams": "https://www.basketball-reference.com/players/w/willibo01.html", "Brandon Williams": "https://www.basketball-reference.com/players/w/willibr03.html", "Buck Williams": "https://www.basketball-reference.com/players/w/willibu01.html", "C.J. Williams": "https://www.basketball-reference.com/players/w/willicj01.html", "Charlie Williams": "https://www.basketball-reference.com/players/w/willich01.html", "Chuck Williams": "https://www.basketball-reference.com/players/w/willich02.html", "Chuckie Williams": "https://www.basketball-reference.com/players/w/willich03.html", "Cliff Williams": "https://www.basketball-reference.com/players/w/willicl01.html", "Corey Williams": "https://www.basketball-reference.com/players/w/willico01.html", "Deron Williams": "https://www.basketball-reference.com/players/w/willide01.html", "Derrick Williams": "https://www.basketball-reference.com/players/w/willide02.html", "Donovan Williams": "https://www.basketball-reference.com/players/w/willido02.html", "Duck Williams": "https://www.basketball-reference.com/players/w/willidu01.html", "Earl Williams": "https://www.basketball-reference.com/players/w/williea01.html", "Elliot Williams": "https://www.basketball-reference.com/players/w/williel01.html", "Eric Williams": "https://www.basketball-reference.com/players/w/willier01.html", "Fly Williams": "https://www.basketball-reference.com/players/w/willifl01.html", "Frank Williams": "https://www.basketball-reference.com/players/w/willifr02.html", "Freeman Williams": "https://www.basketball-reference.com/players/w/willifr01.html", "Gene Williams": "https://www.basketball-reference.com/players/w/willige01.html", "Grant Williams": "https://www.basketball-reference.com/players/w/willigr01.html", "Gus Williams": "https://www.basketball-reference.com/players/w/willigu01.html", "Guy Williams": "https://www.basketball-reference.com/players/w/willigu02.html", "Hank Williams": "https://www.basketball-reference.com/players/w/williha01.html", "Herb Williams": "https://www.basketball-reference.com/players/w/willihe01.html", "Hot Rod Williams": "https://www.basketball-reference.com/players/w/williho01.html", "Jalen Williams": "https://www.basketball-reference.com/players/w/willija06.html", "Jason Williams": "https://www.basketball-reference.com/players/w/willija02.html", "Jawad Williams": "https://www.basketball-reference.com/players/w/willija04.html", "Jay Williams": "https://www.basketball-reference.com/players/w/willija03.html", "Jaylin Williams": "https://www.basketball-reference.com/players/w/willija07.html", "Jayson Williams": "https://www.basketball-reference.com/players/w/willija01.html", "Jeenathan Williams": "https://www.basketball-reference.com/players/w/willije02.html", "Jerome Williams": "https://www.basketball-reference.com/players/w/willije01.html", "John Williams": "https://www.basketball-reference.com/players/w/willijo02.html", "Johnathan Williams": "https://www.basketball-reference.com/players/w/willijo04.html", "Jordan Williams": "https://www.basketball-reference.com/players/w/willijo03.html", "Justin Williams": "https://www.basketball-reference.com/players/w/williju01.html", "Kenny Williams": "https://www.basketball-reference.com/players/w/willike03.html", "Kenrich Williams": "https://www.basketball-reference.com/players/w/willike04.html", "Kevin Williams": "https://www.basketball-reference.com/players/w/willike01.html", "Lorenzo Williams": "https://www.basketball-reference.com/players/w/willilo01.html", "Lou Williams": "https://www.basketball-reference.com/players/w/willilo02.html", "Marcus Williams": "https://www.basketball-reference.com/players/w/willima04.html", "Mark Williams": "https://www.basketball-reference.com/players/w/willima07.html", "Marvin Williams": "https://www.basketball-reference.com/players/w/willima02.html", "Matt Williams": "https://www.basketball-reference.com/players/w/willima05.html", "Micheal Williams": "https://www.basketball-reference.com/players/w/willimi02.html", "Mike Williams": "https://www.basketball-reference.com/players/w/willimi03.html", "Milt Williams": "https://www.basketball-reference.com/players/w/willimi01.html", "Mo Williams": "https://www.basketball-reference.com/players/w/willima01.html", "Monty Williams": "https://www.basketball-reference.com/players/w/willimo01.html", "Nate Williams": "https://www.basketball-reference.com/players/w/willina01.html", "Patrick Williams": "https://www.basketball-reference.com/players/w/willipa01.html", "Pete Williams": "https://www.basketball-reference.com/players/w/willipe01.html", "Ray Williams": "https://www.basketball-reference.com/players/w/willira01.html", "Reggie Williams": "https://www.basketball-reference.com/players/w/willire02.html", "Rickey Williams": "https://www.basketball-reference.com/players/w/williri01.html", "Rob Williams": "https://www.basketball-reference.com/players/w/williro02.html", "Robert Williams": "https://www.basketball-reference.com/players/w/williro04.html", "Ron Williams": "https://www.basketball-reference.com/players/w/williro01.html", "Sam Williams": "https://www.basketball-reference.com/players/w/willisa02.html", "Scott Williams": "https://www.basketball-reference.com/players/w/willisc01.html", "Sean Williams": "https://www.basketball-reference.com/players/w/willise01.html", "Shammond Williams": "https://www.basketball-reference.com/players/w/willish01.html", "Shawne Williams": "https://www.basketball-reference.com/players/w/willish03.html", "Shelden Williams": "https://www.basketball-reference.com/players/w/willish02.html", "Sly Williams": "https://www.basketball-reference.com/players/w/willisl01.html", "Terrence Williams": "https://www.basketball-reference.com/players/w/willite01.html", "Travis Williams": "https://www.basketball-reference.com/players/w/willitr01.html", "Troy Williams": "https://www.basketball-reference.com/players/w/willitr02.html", "Vince Williams Jr.": "https://www.basketball-reference.com/players/w/willivi01.html", "Walt Williams": "https://www.basketball-reference.com/players/w/williwa02.html", "Ward Williams": "https://www.basketball-reference.com/players/w/williwa01.html", "Willie Williams": "https://www.basketball-reference.com/players/w/williwi01.html", "Ziaire Williams": "https://www.basketball-reference.com/players/w/willizi02.html", "Nigel Williams-Goss": "https://www.basketball-reference.com/players/w/willini01.html", "Corliss Williamson": "https://www.basketball-reference.com/players/w/willico02.html", "John Williamson": "https://www.basketball-reference.com/players/w/willijo01.html", "Zion Williamson": "https://www.basketball-reference.com/players/w/willizi01.html", "Vann Williford": "https://www.basketball-reference.com/players/w/williva01.html", "Kevin Willis": "https://www.basketball-reference.com/players/w/willike02.html", "Bill Willoughby": "https://www.basketball-reference.com/players/w/willobi01.html", "Dedric Willoughby": "https://www.basketball-reference.com/players/w/willode01.html", "Bob Wilson": "https://www.basketball-reference.com/players/w/wilsobo01.html", "Bobby Wilson": "https://www.basketball-reference.com/players/w/wilsobo03.html", "Bubba Wilson": "https://www.basketball-reference.com/players/w/wilsobu01.html", "D.J. Wilson": "https://www.basketball-reference.com/players/w/wilsodj01.html", "George Wilson": "https://www.basketball-reference.com/players/w/wilsoge01.html", "Isaiah Wilson": "https://www.basketball-reference.com/players/w/wilsois01.html", "Jamil Wilson": "https://www.basketball-reference.com/players/w/wilsoja02.html", "Jasper Wilson": "https://www.basketball-reference.com/players/w/wilsoja01.html", "Jim Wilson": "https://www.basketball-reference.com/players/w/wilsoji01.html", "Michael Wilson": "https://www.basketball-reference.com/players/w/wilsomi01.html", "Nikita Wilson": "https://www.basketball-reference.com/players/w/wilsoni01.html", "Othell Wilson": "https://www.basketball-reference.com/players/w/wilsoot01.html", "Rick Wilson": "https://www.basketball-reference.com/players/w/wilsori01.html", "Ricky Wilson": "https://www.basketball-reference.com/players/w/wilsori02.html", "Steve Wilson": "https://www.basketball-reference.com/players/w/wilsost01.html", "Trevor Wilson": "https://www.basketball-reference.com/players/w/wilsotr01.html", "Kyle Wiltjer": "https://www.basketball-reference.com/players/w/wiltjky01.html", "Kennard Winchester": "https://www.basketball-reference.com/players/w/winchke01.html", "Tony Windis": "https://www.basketball-reference.com/players/w/windito01.html", "Dylan Windler": "https://www.basketball-reference.com/players/w/windldy01.html", "John Windsor": "https://www.basketball-reference.com/players/w/windsjo01.html", "Lee Winfield": "https://www.basketball-reference.com/players/w/winfile01.html", "David Wingate": "https://www.basketball-reference.com/players/w/wingada01.html", "Dontonio Wingfield": "https://www.basketball-reference.com/players/w/wingfdo01.html", "Harthorne Wingo": "https://www.basketball-reference.com/players/w/wingoha01.html", "Marv Winkler": "https://www.basketball-reference.com/players/w/winklma01.html", "Justise Winslow": "https://www.basketball-reference.com/players/w/winslju01.html", "Rickie Winslow": "https://www.basketball-reference.com/players/w/winslri01.html", "Cassius Winston": "https://www.basketball-reference.com/players/w/winstca01.html", "Trevor Winter": "https://www.basketball-reference.com/players/w/wintetr01.html", "Brian Winters": "https://www.basketball-reference.com/players/w/wintebr01.html", "Voise Winters": "https://www.basketball-reference.com/players/w/wintevo01.html", "Skip Wise": "https://www.basketball-reference.com/players/w/wisesk01.html", "Willie Wise": "https://www.basketball-reference.com/players/w/wisewi01.html", "James Wiseman": "https://www.basketball-reference.com/players/w/wisemja01.html", "Jeff Withey": "https://www.basketball-reference.com/players/w/witheje01.html", "Luke Witte": "https://www.basketball-reference.com/players/w/wittelu01.html", "Greg Wittman": "https://www.basketball-reference.com/players/w/wittmgr01.html", "Randy Wittman": "https://www.basketball-reference.com/players/w/wittmra01.html", "Garry Witts": "https://www.basketball-reference.com/players/w/wittsga01.html", "Dave Wohl": "https://www.basketball-reference.com/players/w/wohlda01.html", "Joe Wolf": "https://www.basketball-reference.com/players/w/wolfjo01.html", "Rub\u00e9n Wolkowyski": "https://www.basketball-reference.com/players/w/wolkoru01.html", "Nate Wolters": "https://www.basketball-reference.com/players/w/woltena01.html", "Al Wood": "https://www.basketball-reference.com/players/w/woodal01.html", "Bob Wood": "https://www.basketball-reference.com/players/w/woodbo01.html", "Christian Wood": "https://www.basketball-reference.com/players/w/woodch01.html", "David Wood": "https://www.basketball-reference.com/players/w/woodda01.html", "Howard Wood": "https://www.basketball-reference.com/players/w/woodho01.html", "Leon Wood": "https://www.basketball-reference.com/players/w/woodle01.html", "Robert Woodard II": "https://www.basketball-reference.com/players/w/woodaro01.html", "Loren Woods": "https://www.basketball-reference.com/players/w/woodslo01.html", "Qyntel Woods": "https://www.basketball-reference.com/players/w/woodsqy01.html", "Randy Woods": "https://www.basketball-reference.com/players/w/woodsra01.html", "Tommy Woods": "https://www.basketball-reference.com/players/w/woodsto01.html", "Mike Woodson": "https://www.basketball-reference.com/players/w/woodsmi01.html", "Bob Woollard": "https://www.basketball-reference.com/players/w/woollbo01.html", "Orlando Woolridge": "https://www.basketball-reference.com/players/w/woolror01.html", "Haywoode Workman": "https://www.basketball-reference.com/players/w/workmha01.html", "Mark Workman": "https://www.basketball-reference.com/players/w/workmma01.html", "Tom Workman": "https://www.basketball-reference.com/players/w/workmto01.html", "Metta World Peace": "https://www.basketball-reference.com/players/a/artesro01.html", "Willie Worsley": "https://www.basketball-reference.com/players/w/worslwi01.html", "Sam Worthen": "https://www.basketball-reference.com/players/w/worthsa01.html", "James Worthy": "https://www.basketball-reference.com/players/w/worthja01.html", "Antoine Wright": "https://www.basketball-reference.com/players/w/wrighan01.html", "Bracey Wright": "https://www.basketball-reference.com/players/w/wrighbr02.html", "Brad Wright": "https://www.basketball-reference.com/players/w/wrighbr01.html", "Brandan Wright": "https://www.basketball-reference.com/players/w/wrighbr03.html", "Chris Wright": "https://www.basketball-reference.com/players/w/wrighch02.html", "Delon Wright": "https://www.basketball-reference.com/players/w/wrighde01.html", "Dorell Wright": "https://www.basketball-reference.com/players/w/wrighdo01.html", "Howard Wright": "https://www.basketball-reference.com/players/w/wrighho02.html", "Howie Wright": "https://www.basketball-reference.com/players/w/wrighho01.html", "Joby Wright": "https://www.basketball-reference.com/players/w/wrighjo01.html", "Julian Wright": "https://www.basketball-reference.com/players/w/wrighju01.html", "Larry Wright": "https://www.basketball-reference.com/players/w/wrighla01.html", "Leroy Wright": "https://www.basketball-reference.com/players/w/wrighle01.html", "Lonnie Wright": "https://www.basketball-reference.com/players/w/wrighlo01.html", "Lorenzen Wright": "https://www.basketball-reference.com/players/w/wrighlo02.html", "Luther Wright": "https://www.basketball-reference.com/players/w/wrighlu01.html", "McKinley Wright IV": "https://www.basketball-reference.com/players/w/wrighmc01.html", "Moses Wright": "https://www.basketball-reference.com/players/w/wrighmo01.html", "Sharone Wright": "https://www.basketball-reference.com/players/w/wrighsh01.html", "Justin Wright-Foreman": "https://www.basketball-reference.com/players/w/wrighju02.html", "Tony Wroten": "https://www.basketball-reference.com/players/w/wroteto01.html", "Dennis Wuycik": "https://www.basketball-reference.com/players/w/wuycide01.html", "A.J. Wynder": "https://www.basketball-reference.com/players/w/wyndeaj01.html","Guerschon Yabusele": "https://www.basketball-reference.com/players/y/yabusgu01.html", "Vincent Yarbrough": "https://www.basketball-reference.com/players/y/yarbrvi01.html", "George Yardley": "https://www.basketball-reference.com/players/y/yardlge01.html", "Barry Yates": "https://www.basketball-reference.com/players/y/yatesba01.html", "Wayne Yates": "https://www.basketball-reference.com/players/y/yateswa01.html", "Charlie Yelverton": "https://www.basketball-reference.com/players/y/yelvech01.html", "Rich Yonakor": "https://www.basketball-reference.com/players/y/yonakri01.html", "Gabe York": "https://www.basketball-reference.com/players/y/yorkga01.html", "Danny Young": "https://www.basketball-reference.com/players/y/youngda01.html", "James Young": "https://www.basketball-reference.com/players/y/youngja01.html", "Joe Young": "https://www.basketball-reference.com/players/y/youngjo01.html", "Korleone Young": "https://www.basketball-reference.com/players/y/youngko01.html", "Michael Young": "https://www.basketball-reference.com/players/y/youngmi01.html", "Nick Young": "https://www.basketball-reference.com/players/y/youngni01.html", "Perry Young": "https://www.basketball-reference.com/players/y/youngpe01.html", "Sam Young": "https://www.basketball-reference.com/players/y/youngsa01.html", "Thaddeus Young": "https://www.basketball-reference.com/players/y/youngth01.html", "Tim Young": "https://www.basketball-reference.com/players/y/youngti01.html", "Trae Young": "https://www.basketball-reference.com/players/y/youngtr01.html", "Sun Yue": "https://www.basketball-reference.com/players/y/yuesu01.html", "Omer Yurtseven": "https://www.basketball-reference.com/players/y/yurtsom01.html", "Max Zaslofsky": "https://www.basketball-reference.com/players/z/zasloma01.html", "Zeke Zawoluk": "https://www.basketball-reference.com/players/z/zawolze01.html", "Cody Zeller": "https://www.basketball-reference.com/players/z/zelleco01.html", "Dave Zeller": "https://www.basketball-reference.com/players/z/zelleda01.html", "Gary Zeller": "https://www.basketball-reference.com/players/z/zellega01.html", "Harry Zeller": "https://www.basketball-reference.com/players/z/zelleha01.html", "Luke Zeller": "https://www.basketball-reference.com/players/z/zellelu01.html", "Tyler Zeller": "https://www.basketball-reference.com/players/z/zellety01.html", "Tony Zeno": "https://www.basketball-reference.com/players/z/zenoto01.html", "Phil Zevenbergen": "https://www.basketball-reference.com/players/z/zevenph01.html", "Wang Zhizhi": "https://www.basketball-reference.com/players/z/zhizhwa01.html", "George Z\u00eddek": "https://www.basketball-reference.com/players/z/zidekge01.html", "Derrick Zimmerman": "https://www.basketball-reference.com/players/z/zimmede01.html", "Stephen Zimmerman": "https://www.basketball-reference.com/players/z/zimmest01.html", "Paul Zipser": "https://www.basketball-reference.com/players/z/zipsepa01.html", "Ante \u017di\u017ei\u0107": "https://www.basketball-reference.com/players/z/zizican01.html", "Jim Zoet": "https://www.basketball-reference.com/players/z/zoetji01.html", "Bill Zopf": "https://www.basketball-reference.com/players/z/zopfbi01.html", "Ivica Zubac": "https://www.basketball-reference.com/players/z/zubaciv01.html", "Matt Zunic": "https://www.basketball-reference.com/players/z/zunicma01.html"}